{"latitude":37.8267,"longitude":-122.423,"timezone":"America/Los_Angeles","offset":-8,"currently":{"time":1449148069,"summary":"Mostly Cloudy","icon":"partly-cloudy-night","nearestStormDistance":3,"nearestStormBearing":108,"precipIntensity":0,"precipProbability":0,"temperature":49.42,"apparentTemperature":46.09,"dewPoint":43.68,"humidity":0.81,"windSpeed":7.91,"windBearing":161,"visibility":7.17,"cloudCover":0.88,"pressure":1015.19,"ozone":288.55},"minutely":{"summary":"Mostly cloudy for the hour.","icon":"partly-cloudy-night","data":[{"time":1449148020,"precipIntensity":0,"precipProbability":0},{"time":1449148080,"precipIntensity":0,"precipProbability":0},{"time":1449148140,"precipIntensity":0,"precipProbability":0},{"time":1449148200,"precipIntensity":0,"precipProbability":0},{"time":1449148260,"precipIntensity":0,"precipProbability":0},{"time":1449148320,"precipIntensity":0,"precipProbability":0},{"time":1449148380,"precipIntensity":0,"precipProbability":0},{"time":1449148440,"precipIntensity":0,"precipProbability":0},{"time":1449148500,"precipIntensity":0,"precipProbability":0},{"time":1449148560,"precipIntensity":0,"precipProbability":0},{"time":1449148620,"precipIntensity":0,"precipProbability":0},{"time":1449148680,"precipIntensity":0,"precipProbability":0},{"time":1449148740,"precipIntensity":0,"precipProbability":0},{"time":1449148800,"precipIntensity":0.0027,"precipIntensityError":0.0012,"precipProbability":0.01,"precipType":"rain"},{"time":1449148860,"precipIntensity":0.0028,"precipIntensityError":0.0012,"precipProbability":0.01,"precipType":"rain"},{"time":1449148920,"precipIntensity":0.0027,"precipIntensityError":0.0012,"precipProbability":0.01,"precipType":"rain"},{"time":1449148980,"precipIntensity":0.0028,"precipIntensityError":0.0013,"precipProbability":0.01,"precipType":"rain"},{"time":1449149040,"precipIntensity":0.0028,"precipIntensityError":0.0014,"precipProbability":0.01,"precipType":"rain"},{"time":1449149100,"precipIntensity":0.0029,"precipIntensityError":0.0014,"precipProbability":0.01,"precipType":"rain"},{"time":1449149160,"precipIntensity":0.0029,"precipIntensityError":0.0015,"precipProbability":0.01,"precipType":"rain"},{"time":1449149220,"precipIntensity":0.003,"precipIntensityError":0.0015,"precipProbability":0.01,"precipType":"rain"},{"time":1449149280,"precipIntensity":0.0031,"precipIntensityError":0.0015,"precipProbability":0.01,"precipType":"rain"},{"time":1449149340,"precipIntensity":0.0032,"precipIntensityError":0.0016,"precipProbability":0.01,"precipType":"rain"},{"time":1449149400,"precipIntensity":0.0032,"precipIntensityError":0.0016,"precipProbability":0.01,"precipType":"rain"},{"time":1449149460,"precipIntensity":0.0033,"precipIntensityError":0.0017,"precipProbability":0.02,"precipType":"rain"},{"time":1449149520,"precipIntensity":0.0032,"precipIntensityError":0.0017,"precipProbability":0.01,"precipType":"rain"},{"time":1449149580,"precipIntensity":0.0033,"precipIntensityError":0.0017,"precipProbability":0.01,"precipType":"rain"},{"time":1449149640,"precipIntensity":0.0034,"precipIntensityError":0.0018,"precipProbability":0.01,"precipType":"rain"},{"time":1449149700,"precipIntensity":0.0034,"precipIntensityError":0.0018,"precipProbability":0.01,"precipType":"rain"},{"time":1449149760,"precipIntensity":0.0035,"precipIntensityError":0.0019,"precipProbability":0.02,"precipType":"rain"},{"time":1449149820,"precipIntensity":0.0036,"precipIntensityError":0.0019,"precipProbability":0.02,"precipType":"rain"},{"time":1449149880,"precipIntensity":0.0036,"precipIntensityError":0.002,"precipProbability":0.02,"precipType":"rain"},{"time":1449149940,"precipIntensity":0.0037,"precipIntensityError":0.002,"precipProbability":0.02,"precipType":"rain"},{"time":1449150000,"precipIntensity":0.0038,"precipIntensityError":0.0021,"precipProbability":0.02,"precipType":"rain"},{"time":1449150060,"precipIntensity":0.0039,"precipIntensityError":0.0021,"precipProbability":0.02,"precipType":"rain"},{"time":1449150120,"precipIntensity":0.0038,"precipIntensityError":0.0021,"precipProbability":0.02,"precipType":"rain"},{"time":1449150180,"precipIntensity":0.0039,"precipIntensityError":0.0022,"precipProbability":0.02,"precipType":"rain"},{"time":1449150240,"precipIntensity":0.0039,"precipIntensityError":0.0022,"precipProbability":0.02,"precipType":"rain"},{"time":1449150300,"precipIntensity":0.004,"precipIntensityError":0.0023,"precipProbability":0.02,"precipType":"rain"},{"time":1449150360,"precipIntensity":0.0041,"precipIntensityError":0.0023,"precipProbability":0.02,"precipType":"rain"},{"time":1449150420,"precipIntensity":0.0041,"precipIntensityError":0.0024,"precipProbability":0.02,"precipType":"rain"},{"time":1449150480,"precipIntensity":0.0042,"precipIntensityError":0.0024,"precipProbability":0.02,"precipType":"rain"},{"time":1449150540,"precipIntensity":0.0043,"precipIntensityError":0.0025,"precipProbability":0.02,"precipType":"rain"},{"time":1449150600,"precipIntensity":0.0044,"precipIntensityError":0.0025,"precipProbability":0.02,"precipType":"rain"},{"time":1449150660,"precipIntensity":0.0044,"precipIntensityError":0.0026,"precipProbability":0.02,"precipType":"rain"},{"time":1449150720,"precipIntensity":0.0044,"precipIntensityError":0.0026,"precipProbability":0.02,"precipType":"rain"},{"time":1449150780,"precipIntensity":0.0045,"precipIntensityError":0.0027,"precipProbability":0.02,"precipType":"rain"},{"time":1449150840,"precipIntensity":0.0045,"precipIntensityError":0.0027,"precipProbability":0.02,"precipType":"rain"},{"time":1449150900,"precipIntensity":0.0046,"precipIntensityError":0.0028,"precipProbability":0.02,"precipType":"rain"},{"time":1449150960,"precipIntensity":0.0047,"precipIntensityError":0.0028,"precipProbability":0.02,"precipType":"rain"},{"time":1449151020,"precipIntensity":0.0047,"precipIntensityError":0.0029,"precipProbability":0.02,"precipType":"rain"},{"time":1449151080,"precipIntensity":0.0047,"precipIntensityError":0.0029,"precipProbability":0.02,"precipType":"rain"},{"time":1449151140,"precipIntensity":0.0047,"precipIntensityError":0.0029,"precipProbability":0.02,"precipType":"rain"},{"time":1449151200,"precipIntensity":0.0048,"precipIntensityError":0.003,"precipProbability":0.02,"precipType":"rain"},{"time":1449151260,"precipIntensity":0.0049,"precipIntensityError":0.003,"precipProbability":0.02,"precipType":"rain"},{"time":1449151320,"precipIntensity":0.0049,"precipIntensityError":0.0031,"precipProbability":0.02,"precipType":"rain"},{"time":1449151380,"precipIntensity":0.0049,"precipIntensityError":0.0031,"precipProbability":0.01,"precipType":"rain"},{"time":1449151440,"precipIntensity":0.005,"precipIntensityError":0.0032,"precipProbability":0.01,"precipType":"rain"},{"time":1449151500,"precipIntensity":0.0051,"precipIntensityError":0.0032,"precipProbability":0.01,"precipType":"rain"},{"time":1449151560,"precipIntensity":0.0052,"precipIntensityError":0.0033,"precipProbability":0.01,"precipType":"rain"},{"time":1449151620,"precipIntensity":0.0052,"precipIntensityError":0.0033,"precipProbability":0.01,"precipType":"rain"}]},"hourly":{"summary":"Light rain throughout the day and breezy until this afternoon.","icon":"rain","data":[{"time":1449147600,"summary":"Mostly Cloudy","icon":"partly-cloudy-night","precipIntensity":0,"precipProbability":0,"temperature":49.38,"apparentTemperature":46.16,"dewPoint":43.51,"humidity":0.8,"windSpeed":7.64,"windBearing":160,"visibility":7.17,"cloudCover":0.89,"pressure":1015.25,"ozone":288.1},{"time":1449151200,"summary":"Mostly Cloudy","icon":"partly-cloudy-night","precipIntensity":0,"precipProbability":0,"temperature":49.66,"apparentTemperature":45.7,"dewPoint":44.84,"humidity":0.83,"windSpeed":9.74,"windBearing":166,"visibility":7.15,"cloudCover":0.84,"pressure":1014.79,"ozone":291.54},{"time":1449154800,"summary":"Mostly Cloudy","icon":"partly-cloudy-night","precipIntensity":0,"precipProbability":0,"temperature":50.3,"apparentTemperature":50.3,"dewPoint":46,"humidity":0.85,"windSpeed":11.71,"windBearing":167,"visibility":6.69,"cloudCover":0.79,"pressure":1014.41,"ozone":294.65},{"time":1449158400,"summary":"Drizzle","icon":"rain","precipIntensity":0.0068,"precipProbability":0.33,"precipType":"rain","temperature":51.73,"apparentTemperature":51.73,"dewPoint":47.91,"humidity":0.87,"windSpeed":13.81,"windBearing":170,"visibility":6.41,"cloudCover":0.81,"pressure":1014.15,"ozone":296.97},{"time":1449162000,"summary":"Light Rain","icon":"rain","precipIntensity":0.0164,"precipProbability":0.57,"precipType":"rain","temperature":53.69,"apparentTemperature":53.69,"dewPoint":49.16,"humidity":0.85,"windSpeed":16.97,"windBearing":174,"visibility":6.52,"cloudCover":0.74,"pressure":1014,"ozone":298.96},{"time":1449165600,"summary":"Light Rain and Breezy","icon":"rain","precipIntensity":0.0305,"precipProbability":0.66,"precipType":"rain","temperature":55.72,"apparentTemperature":55.72,"dewPoint":50.6,"humidity":0.83,"windSpeed":18.43,"windBearing":180,"visibility":6.67,"cloudCover":0.72,"pressure":1013.91,"ozone":300.79},{"time":1449169200,"summary":"Light Rain and Breezy","icon":"rain","precipIntensity":0.0487,"precipProbability":0.71,"precipType":"rain","temperature":56.34,"apparentTemperature":56.34,"dewPoint":51.91,"humidity":0.85,"windSpeed":20.45,"windBearing":190,"visibility":6.27,"cloudCover":0.8,"pressure":1013.81,"ozone":302.37},{"time":1449172800,"summary":"Light Rain and Breezy","icon":"rain","precipIntensity":0.0357,"precipProbability":0.68,"precipType":"rain","temperature":56.79,"apparentTemperature":56.79,"dewPoint":53.2,"humidity":0.88,"windSpeed":18.87,"windBearing":206,"visibility":6.78,"cloudCover":0.92,"pressure":1013.77,"ozone":303.8},{"time":1449176400,"summary":"Light Rain","icon":"rain","precipIntensity":0.0316,"precipProbability":0.66,"precipType":"rain","temperature":57.57,"apparentTemperature":57.57,"dewPoint":54.21,"humidity":0.89,"windSpeed":17.25,"windBearing":214,"visibility":7.34,"cloudCover":0.99,"pressure":1013.84,"ozone":305.58},{"time":1449180000,"summary":"Light Rain","icon":"rain","precipIntensity":0.0348,"precipProbability":0.67,"precipType":"rain","temperature":58.32,"apparentTemperature":58.32,"dewPoint":54.67,"humidity":0.88,"windSpeed":16.78,"windBearing":219,"visibility":7.46,"cloudCover":0.93,"pressure":1014.07,"ozone":308.11},{"time":1449183600,"summary":"Light Rain","icon":"rain","precipIntensity":0.019,"precipProbability":0.59,"precipType":"rain","temperature":59.08,"apparentTemperature":59.08,"dewPoint":53.89,"humidity":0.83,"windSpeed":16.45,"windBearing":226,"visibility":8.1,"cloudCover":0.8,"pressure":1014.44,"ozone":311},{"time":1449187200,"summary":"Light Rain","icon":"rain","precipIntensity":0.0134,"precipProbability":0.55,"precipType":"rain","temperature":59.44,"apparentTemperature":59.44,"dewPoint":53.4,"humidity":0.8,"windSpeed":15.03,"windBearing":230,"visibility":8.27,"cloudCover":0.72,"pressure":1014.89,"ozone":313.55},{"time":1449190800,"summary":"Drizzle","icon":"rain","precipIntensity":0.0079,"precipProbability":0.4,"precipType":"rain","temperature":58.87,"apparentTemperature":58.87,"dewPoint":52.89,"humidity":0.81,"windSpeed":13.89,"windBearing":234,"visibility":8.15,"cloudCover":0.61,"pressure":1015.37,"ozone":315.67},{"time":1449194400,"summary":"Drizzle","icon":"rain","precipIntensity":0.0083,"precipProbability":0.43,"precipType":"rain","temperature":57.87,"apparentTemperature":57.87,"dewPoint":52.41,"humidity":0.82,"windSpeed":13.8,"windBearing":239,"visibility":7.91,"cloudCover":0.56,"pressure":1015.95,"ozone":317.46},{"time":1449198000,"summary":"Drizzle","icon":"rain","precipIntensity":0.0071,"precipProbability":0.35,"precipType":"rain","temperature":57.22,"apparentTemperature":57.22,"dewPoint":51.83,"humidity":0.82,"windSpeed":13.33,"windBearing":244,"visibility":8.02,"cloudCover":0.38,"pressure":1016.57,"ozone":318.58},{"time":1449201600,"summary":"Drizzle","icon":"rain","precipIntensity":0.0078,"precipProbability":0.39,"precipType":"rain","temperature":56.52,"apparentTemperature":56.52,"dewPoint":51.12,"humidity":0.82,"windSpeed":12.47,"windBearing":249,"visibility":8.1,"cloudCover":0.45,"pressure":1017.2,"ozone":318.64},{"time":1449205200,"summary":"Drizzle","icon":"rain","precipIntensity":0.0074,"precipProbability":0.37,"precipType":"rain","temperature":55.83,"apparentTemperature":55.83,"dewPoint":50.67,"humidity":0.83,"windSpeed":11.48,"windBearing":253,"visibility":7.92,"cloudCover":0.44,"pressure":1017.84,"ozone":318.04},{"time":1449208800,"summary":"Drizzle","icon":"rain","precipIntensity":0.0062,"precipProbability":0.29,"precipType":"rain","temperature":55.52,"apparentTemperature":55.52,"dewPoint":50.1,"humidity":0.82,"windSpeed":11.16,"windBearing":256,"visibility":8.47,"cloudCover":0.44,"pressure":1018.44,"ozone":317.59},{"time":1449212400,"summary":"Partly Cloudy","icon":"partly-cloudy-night","precipIntensity":0.0045,"precipProbability":0.18,"precipType":"rain","temperature":55.03,"apparentTemperature":55.03,"dewPoint":49.53,"humidity":0.82,"windSpeed":10.81,"windBearing":258,"visibility":9.01,"cloudCover":0.51,"pressure":1018.97,"ozone":317.64},{"time":1449216000,"summary":"Partly Cloudy","icon":"partly-cloudy-night","precipIntensity":0.0027,"precipProbability":0.08,"precipType":"rain","temperature":54.42,"apparentTemperature":54.42,"dewPoint":48.92,"humidity":0.82,"windSpeed":10.21,"windBearing":259,"visibility":9.42,"cloudCover":0.46,"pressure":1019.47,"ozone":317.84},{"time":1449219600,"summary":"Partly Cloudy","icon":"partly-cloudy-night","precipIntensity":0.0016,"precipProbability":0.03,"precipType":"rain","temperature":53.86,"apparentTemperature":53.86,"dewPoint":48.5,"humidity":0.82,"windSpeed":9.47,"windBearing":261,"visibility":9.68,"cloudCover":0.54,"pressure":1019.94,"ozone":318},{"time":1449223200,"summary":"Partly Cloudy","icon":"partly-cloudy-night","precipIntensity":0.002,"precipProbability":0.05,"precipType":"rain","temperature":53.2,"apparentTemperature":53.2,"dewPoint":47.95,"humidity":0.82,"windSpeed":8.21,"windBearing":266,"visibility":10,"cloudCover":0.56,"pressure":1020.4,"ozone":317.91},{"time":1449226800,"summary":"Partly Cloudy","icon":"partly-cloudy-night","precipIntensity":0.0035,"precipProbability":0.12,"precipType":"rain","temperature":52.64,"apparentTemperature":52.64,"dewPoint":47.67,"humidity":0.83,"windSpeed":7.18,"windBearing":272,"visibility":10,"cloudCover":0.44,"pressure":1020.87,"ozone":317.78},{"time":1449230400,"summary":"Partly Cloudy","icon":"partly-cloudy-night","precipIntensity":0.0043,"precipProbability":0.17,"precipType":"rain","temperature":52.95,"apparentTemperature":52.95,"dewPoint":48.55,"humidity":0.85,"windSpeed":6.22,"windBearing":276,"visibility":10,"cloudCover":0.45,"pressure":1021.38,"ozone":317.97},{"time":1449234000,"summary":"Partly Cloudy","icon":"partly-cloudy-night","precipIntensity":0.0037,"precipProbability":0.13,"precipType":"rain","temperature":52.68,"apparentTemperature":52.68,"dewPoint":48.86,"humidity":0.87,"windSpeed":5.19,"windBearing":277,"visibility":10,"cloudCover":0.43,"pressure":1021.91,"ozone":318.6},{"time":1449237600,"summary":"Partly Cloudy","icon":"partly-cloudy-night","precipIntensity":0.0024,"precipProbability":0.07,"precipType":"rain","temperature":52.6,"apparentTemperature":52.6,"dewPoint":48.8,"humidity":0.87,"windSpeed":4.18,"windBearing":272,"visibility":10,"cloudCover":0.38,"pressure":1022.46,"ozone":319.56},{"time":1449241200,"summary":"Partly Cloudy","icon":"partly-cloudy-night","precipIntensity":0.0014,"precipProbability":0.03,"precipType":"rain","temperature":52.93,"apparentTemperature":52.93,"dewPoint":48.89,"humidity":0.86,"windSpeed":3.57,"windBearing":265,"visibility":10,"cloudCover":0.34,"pressure":1023.06,"ozone":320.86},{"time":1449244800,"summary":"Partly Cloudy","icon":"partly-cloudy-day","precipIntensity":0.001,"precipProbability":0.01,"precipType":"rain","temperature":53.88,"apparentTemperature":53.88,"dewPoint":49.12,"humidity":0.84,"windSpeed":3.62,"windBearing":260,"visibility":10,"cloudCover":0.31,"pressure":1023.83,"ozone":323.01},{"time":1449248400,"summary":"Partly Cloudy","icon":"partly-cloudy-day","precipIntensity":0.0008,"precipProbability":0.01,"precipType":"rain","temperature":55.31,"apparentTemperature":55.31,"dewPoint":49.52,"humidity":0.81,"windSpeed":3.98,"windBearing":257,"visibility":10,"cloudCover":0.29,"pressure":1024.66,"ozone":325.5},{"time":1449252000,"summary":"Partly Cloudy","icon":"partly-cloudy-day","precipIntensity":0,"precipProbability":0,"temperature":56.82,"apparentTemperature":56.82,"dewPoint":50.05,"humidity":0.78,"windSpeed":4.13,"windBearing":255,"visibility":10,"cloudCover":0.28,"pressure":1025.2,"ozone":326.85},{"time":1449255600,"summary":"Partly Cloudy","icon":"partly-cloudy-day","precipIntensity":0,"precipProbability":0,"temperature":57.96,"apparentTemperature":57.96,"dewPoint":50.33,"humidity":0.76,"windSpeed":4.02,"windBearing":254,"visibility":10,"cloudCover":0.3,"pressure":1025.27,"ozone":326.4},{"time":1449259200,"summary":"Partly Cloudy","icon":"partly-cloudy-day","precipIntensity":0,"precipProbability":0,"temperature":58.7,"apparentTemperature":58.7,"dewPoint":50.27,"humidity":0.74,"windSpeed":3.48,"windBearing":257,"visibility":10,"cloudCover":0.35,"pressure":1025.08,"ozone":324.81},{"time":1449262800,"summary":"Partly Cloudy","icon":"partly-cloudy-day","precipIntensity":0,"precipProbability":0,"temperature":59.23,"apparentTemperature":59.23,"dewPoint":50.24,"humidity":0.72,"windSpeed":3.24,"windBearing":259,"visibility":10,"cloudCover":0.37,"pressure":1024.94,"ozone":322.62},{"time":1449266400,"summary":"Partly Cloudy","icon":"partly-cloudy-day","precipIntensity":0,"precipProbability":0,"temperature":59.56,"apparentTemperature":59.56,"dewPoint":50.34,"humidity":0.71,"windSpeed":3.25,"windBearing":261,"visibility":10,"cloudCover":0.35,"pressure":1024.95,"ozone":319.6},{"time":1449270000,"summary":"Partly Cloudy","icon":"partly-cloudy-day","precipIntensity":0,"precipProbability":0,"temperature":59.65,"apparentTemperature":59.65,"dewPoint":50.48,"humidity":0.72,"windSpeed":3.35,"windBearing":268,"visibility":10,"cloudCover":0.31,"pressure":1025.02,"ozone":315.97},{"time":1449273600,"summary":"Partly Cloudy","icon":"partly-cloudy-day","precipIntensity":0,"precipProbability":0,"temperature":58.75,"apparentTemperature":58.75,"dewPoint":50,"humidity":0.73,"windSpeed":3.36,"windBearing":276,"visibility":10,"cloudCover":0.26,"pressure":1025.14,"ozone":312.95},{"time":1449277200,"summary":"Clear","icon":"clear-night","precipIntensity":0,"precipProbability":0,"temperature":57.19,"apparentTemperature":57.19,"dewPoint":49.31,"humidity":0.75,"windSpeed":2.5,"windBearing":284,"visibility":10,"cloudCover":0.19,"pressure":1025.37,"ozone":311.07},{"time":1449280800,"summary":"Clear","icon":"clear-night","precipIntensity":0,"precipProbability":0,"temperature":55.22,"apparentTemperature":55.22,"dewPoint":48.49,"humidity":0.78,"windSpeed":1.68,"windBearing":304,"visibility":10,"cloudCover":0.1,"pressure":1025.66,"ozone":309.8},{"time":1449284400,"summary":"Clear","icon":"clear-night","precipIntensity":0,"precipProbability":0,"temperature":54.01,"apparentTemperature":54.01,"dewPoint":48.24,"humidity":0.81,"windSpeed":1.33,"windBearing":331,"visibility":10,"cloudCover":0.03,"pressure":1025.93,"ozone":308.75},{"time":1449288000,"summary":"Clear","icon":"clear-night","precipIntensity":0,"precipProbability":0,"temperature":53.28,"apparentTemperature":53.28,"dewPoint":48.17,"humidity":0.83,"windSpeed":1.31,"windBearing":348,"visibility":10,"cloudCover":0.02,"pressure":1026.12,"ozone":307.81},{"time":1449291600,"summary":"Clear","icon":"clear-night","precipIntensity":0,"precipProbability":0,"temperature":52.57,"apparentTemperature":52.57,"dewPoint":47.97,"humidity":0.84,"windSpeed":1.36,"windBearing":1,"visibility":10,"cloudCover":0.05,"pressure":1026.27,"ozone":307.09},{"time":1449295200,"summary":"Clear","icon":"clear-night","precipIntensity":0,"precipProbability":0,"temperature":51.68,"apparentTemperature":51.68,"dewPoint":47.52,"humidity":0.86,"windSpeed":1.43,"windBearing":22,"visibility":10,"cloudCover":0.1,"pressure":1026.38,"ozone":306.5},{"time":1449298800,"summary":"Clear","icon":"clear-night","precipIntensity":0,"precipProbability":0,"temperature":50.49,"apparentTemperature":50.49,"dewPoint":46.73,"humidity":0.87,"windSpeed":1.74,"windBearing":49,"visibility":10,"cloudCover":0.16,"pressure":1026.47,"ozone":306.04},{"time":1449302400,"summary":"Clear","icon":"clear-night","precipIntensity":0,"precipProbability":0,"temperature":50.24,"apparentTemperature":50.24,"dewPoint":46.8,"humidity":0.88,"windSpeed":2.32,"windBearing":70,"visibility":10,"cloudCover":0.24,"pressure":1026.52,"ozone":305.7},{"time":1449306000,"summary":"Partly Cloudy","icon":"partly-cloudy-night","precipIntensity":0,"precipProbability":0,"temperature":50.23,"apparentTemperature":50.23,"dewPoint":47.05,"humidity":0.89,"windSpeed":3,"windBearing":85,"visibility":10,"cloudCover":0.31,"pressure":1026.47,"ozone":305.37},{"time":1449309600,"summary":"Partly Cloudy","icon":"partly-cloudy-night","precipIntensity":0,"precipProbability":0,"temperature":50.12,"apparentTemperature":50.12,"dewPoint":47.19,"humidity":0.9,"windSpeed":3.82,"windBearing":92,"visibility":10,"cloudCover":0.39,"pressure":1026.27,"ozone":305.07},{"time":1449313200,"summary":"Partly Cloudy","icon":"partly-cloudy-night","precipIntensity":0,"precipProbability":0,"temperature":49.8,"apparentTemperature":48.13,"dewPoint":47.05,"humidity":0.9,"windSpeed":4.76,"windBearing":96,"visibility":10,"cloudCover":0.47,"pressure":1026,"ozone":304.77},{"time":1449316800,"summary":"Partly Cloudy","icon":"partly-cloudy-night","precipIntensity":0,"precipProbability":0,"temperature":49.25,"apparentTemperature":47.12,"dewPoint":46.55,"humidity":0.9,"windSpeed":5.36,"windBearing":97,"visibility":10,"cloudCover":0.52,"pressure":1025.83,"ozone":304.29},{"time":1449320400,"summary":"Partly Cloudy","icon":"partly-cloudy-night","precipIntensity":0,"precipProbability":0,"temperature":48.45,"apparentTemperature":46.15,"dewPoint":45.67,"humidity":0.9,"windSpeed":5.41,"windBearing":96,"visibility":10,"cloudCover":0.53,"pressure":1025.85,"ozone":303.44}]},"daily":{"summary":"Light rain throughout the week, with temperatures rising to 68°F on Tuesday.","icon":"rain","data":[{"time":1449129600,"summary":"Light rain throughout the day and breezy until afternoon.","icon":"rain","sunriseTime":1449155383,"sunsetTime":1449190333,"moonPhase":0.76,"precipIntensity":0.012,"precipIntensityMax":0.0487,"precipIntensityMaxTime":1449169200,"precipProbability":0.71,"precipType":"rain","temperatureMin":48.14,"temperatureMinTime":1449140400,"temperatureMax":59.44,"temperatureMaxTime":1449187200,"apparentTemperatureMin":45.7,"apparentTemperatureMinTime":1449151200,"apparentTemperatureMax":59.44,"apparentTemperatureMaxTime":1449187200,"dewPoint":48.85,"humidity":0.82,"windSpeed":10,"windBearing":208,"visibility":7.52,"cloudCover":0.66,"pressure":1015.6,"ozone":302.36},{"time":1449216000,"summary":"Partly cloudy until afternoon.","icon":"partly-cloudy-day","sunriseTime":1449241838,"sunsetTime":1449276725,"moonPhase":0.79,"precipIntensity":0.0011,"precipIntensityMax":0.0043,"precipIntensityMaxTime":1449230400,"precipProbability":0.17,"precipType":"rain","temperatureMin":50.49,"temperatureMinTime":1449298800,"temperatureMax":59.65,"temperatureMaxTime":1449270000,"apparentTemperatureMin":50.49,"apparentTemperatureMinTime":1449298800,"apparentTemperatureMax":59.65,"apparentTemperatureMaxTime":1449270000,"dewPoint":48.95,"humidity":0.8,"windSpeed":3.69,"windBearing":270,"visibility":9.96,"cloudCover":0.3,"pressure":1023.99,"ozone":316.8},{"time":1449302400,"summary":"Mostly cloudy throughout the day.","icon":"partly-cloudy-day","sunriseTime":1449328292,"sunsetTime":1449363120,"moonPhase":0.82,"precipIntensity":0,"precipIntensityMax":0,"precipProbability":0,"temperatureMin":47.84,"temperatureMinTime":1449324000,"temperatureMax":61.44,"temperatureMaxTime":1449356400,"apparentTemperatureMin":45.59,"apparentTemperatureMinTime":1449324000,"apparentTemperatureMax":61.44,"apparentTemperatureMaxTime":1449356400,"dewPoint":45.72,"humidity":0.75,"windSpeed":3.53,"windBearing":102,"visibility":10,"cloudCover":0.76,"pressure":1025.48,"ozone":301.72},{"time":1449388800,"summary":"Mostly cloudy throughout the day.","icon":"partly-cloudy-day","sunriseTime":1449414744,"sunsetTime":1449449517,"moonPhase":0.85,"precipIntensity":0.0015,"precipIntensityMax":0.0029,"precipIntensityMaxTime":1449424800,"precipProbability":0.09,"precipType":"rain","temperatureMin":51.54,"temperatureMinTime":1449410400,"temperatureMax":64.15,"temperatureMaxTime":1449442800,"apparentTemperatureMin":51.54,"apparentTemperatureMinTime":1449410400,"apparentTemperatureMax":64.15,"apparentTemperatureMaxTime":1449442800,"dewPoint":48.85,"humidity":0.73,"windSpeed":3.93,"windBearing":158,"visibility":10,"cloudCover":0.8,"pressure":1025.43,"ozone":307.25},{"time":1449475200,"summary":"Light rain starting in the afternoon, continuing until evening.","icon":"rain","sunriseTime":1449501196,"sunsetTime":1449535915,"moonPhase":0.88,"precipIntensity":0.0029,"precipIntensityMax":0.0123,"precipIntensityMaxTime":1449532800,"precipProbability":0.53,"precipType":"rain","temperatureMin":58.14,"temperatureMinTime":1449496800,"temperatureMax":64.28,"temperatureMaxTime":1449529200,"apparentTemperatureMin":58.14,"apparentTemperatureMinTime":1449496800,"apparentTemperatureMax":64.28,"apparentTemperatureMaxTime":1449529200,"dewPoint":57.74,"humidity":0.92,"windSpeed":1.05,"windBearing":151,"cloudCover":0.9,"pressure":1024.21,"ozone":302.07},{"time":1449561600,"summary":"Mostly cloudy throughout the day.","icon":"partly-cloudy-day","sunriseTime":1449587646,"sunsetTime":1449622316,"moonPhase":0.91,"precipIntensity":0,"precipIntensityMax":0,"precipProbability":0,"temperatureMin":55.45,"temperatureMinTime":1449583200,"temperatureMax":67.5,"temperatureMaxTime":1449615600,"apparentTemperatureMin":55.45,"apparentTemperatureMinTime":1449583200,"apparentTemperatureMax":67.5,"apparentTemperatureMaxTime":1449615600,"dewPoint":57.57,"humidity":0.91,"windSpeed":1.81,"windBearing":318,"cloudCover":0.73,"pressure":1022.69,"ozone":290.51},{"time":1449648000,"summary":"Light rain starting in the evening.","icon":"rain","sunriseTime":1449674095,"sunsetTime":1449708719,"moonPhase":0.94,"precipIntensity":0.0033,"precipIntensityMax":0.0178,"precipIntensityMaxTime":1449727200,"precipProbability":0.59,"precipType":"rain","temperatureMin":55.83,"temperatureMinTime":1449662400,"temperatureMax":66.05,"temperatureMaxTime":1449694800,"apparentTemperatureMin":55.83,"apparentTemperatureMinTime":1449662400,"apparentTemperatureMax":66.05,"apparentTemperatureMaxTime":1449694800,"dewPoint":58.13,"humidity":0.92,"windSpeed":4.69,"windBearing":229,"cloudCover":0.94,"pressure":1019.73,"ozone":277.45},{"time":1449734400,"summary":"Mostly cloudy until afternoon.","icon":"partly-cloudy-day","sunriseTime":1449760543,"sunsetTime":1449795124,"moonPhase":0.97,"precipIntensity":0.0036,"precipIntensityMax":0.0081,"precipIntensityMaxTime":1449734400,"precipProbability":0.41,"precipType":"rain","temperatureMin":52.66,"temperatureMinTime":1449759600,"temperatureMax":63.01,"temperatureMaxTime":1449781200,"apparentTemperatureMin":52.66,"apparentTemperatureMinTime":1449759600,"apparentTemperatureMax":63.01,"apparentTemperatureMaxTime":1449781200,"dewPoint":51.56,"humidity":0.81,"windSpeed":6.51,"windBearing":260,"cloudCover":0.46,"pressure":1017.76,"ozone":323.61}]},"flags":{"sources":["nwspa","isd","nearest-precip","fnmoc","sref","rtma","rap","nam","cmc","gfs","madis","lamp","darksky"],"isd-stations":["724943-99999","745039-99999","745065-99999","994016-99999","998479-99999"],"madis-stations":["AU915","C5988","C8158","C9629","CQ147","D5422","D8008","D8582","E0426","FTPC1","GGBC1","OKXC1","OMHC1","PPXC1","PXOC1","SFOC1"],"lamp-stations":["KAPC","KCCR","KHWD","KLVK","KNUQ","KOAK","KPAO","KSFO","KSQL"],"darksky-stations":["KMUX"],"units":"us"}}